pran@g.c,2023-12-07,00:05:08.901652

pran@g.c,2023-12-07,00:07:32.140414

pran@g.c,2023-12-07,00:11:00.088346

pran@g.c,2023-12-07,00:12:27.935222

pran@g.c,2023-12-07,00:16:45.542270

pran@g.c,2023-12-08,18:15:39.607426

pran@g.c,2023-12-08,18:18:19.308432

pran@g.c,2023-12-08,18:35:51.507331

pran@g.c,2023-12-08,18:37:49.214553

pran@g.c,2023-12-08,18:39:21.344568

pran@g.c,2023-12-08,18:44:47.368729

pran@g.c,2023-12-08,18:44:56.423455

pran@g.c,2023-12-08,18:45:10.393574

pran@g.c,2023-12-08,18:46:06.193020

pran@g.c,2023-12-08,18:46:57.355534
admin@g.c,2023-12-16,11:49:36.638692
admin@g.c,2023-12-16,11:50:55.371935
admin@g.c,2023-12-16,11:50:58.077462
admin@g.c,2023-12-16,11:51:22.768582
admin@g.c,2023-12-16,11:55:32.906620
admin@g.c,2023-12-16,11:57:50.509200
admin@g.c,2023-12-16,11:58:58.639379
admin@g.c,2023-12-16,11:59:00.854693
admin@g.c,2023-12-16,13:29:33.017150
admin@g.c,2023-12-16,13:30:10.959233
